Configuration Name,Morgan-Scott
Generated On,5/28/2026, 11:58:44 AM

Vertex Coordinates
Index,X,Y,Z
0,7,7,7
1,7,-7,-7
2,-7,7,-7
3,-7,-7,7
4,-1,-1,-1
5,-1,1,1
6,1,-1,1
7,1,1,-1

Summary Statistics
Category,Count
Tetrahedra,15
Total Faces,32
Boundary Faces,4
Interior Faces,28
Total Edges,24
Boundary Edges,6
Interior Edges,18
Total Vertices,8
Boundary Vertices,4
Interior Vertices,4
Shelling a0,1
Shelling a1,4
Shelling a2,6
Shelling a3,4

Tetrahedra
Index,v0,v1,v2,v3,6 x Volume
0,4,5,6,7,16
1,3,4,5,6,80
2,2,4,5,7,80
3,1,4,6,7,80
4,0,5,6,7,80
5,2,3,4,5,336
6,1,3,4,6,336
7,1,2,4,7,336
8,0,3,5,6,336
9,0,2,5,7,336
10,0,1,6,7,336
11,0,1,2,7,784
12,0,1,3,6,784
13,0,2,3,5,784
14,1,2,3,4,784

Interior Faces
Index,v0,v1,v2,Opposite Node 1,Opposite Node 2
0,4,5,6,7,3
1,4,5,7,6,2
2,4,6,7,5,1
3,5,6,7,4,0
4,3,4,5,6,2
5,3,4,6,5,1
6,3,5,6,4,0
7,2,4,5,7,3
8,2,4,7,5,1
9,2,5,7,4,0
10,1,4,6,7,3
11,1,4,7,6,2
12,1,6,7,4,0
13,0,5,6,7,3
14,0,5,7,6,2
15,0,6,7,5,1
16,2,3,4,5,1
17,2,3,5,4,0
18,1,3,4,6,2
19,1,3,6,4,0
20,1,2,4,7,3
21,1,2,7,4,0
22,0,3,5,6,2
23,0,3,6,5,1
24,0,2,5,7,3
25,0,2,7,5,1
26,0,1,6,7,3
27,0,1,7,6,2

Boundary Faces
Index,v0,v1,v2,Opposite Node
0,0,1,2,7
1,0,1,3,6
2,0,2,3,5
3,1,2,3,4

Interior Edges
Index,v0,v1,Degree
0,4,5,4
1,4,6,4
2,5,6,4
3,4,7,4
4,5,7,4
5,6,7,4
6,3,4,4
7,3,5,4
8,3,6,4
9,2,4,4
10,2,5,4
11,2,7,4
12,1,4,4
13,1,6,4
14,1,7,4
15,0,5,4
16,0,6,4
17,0,7,4

Boundary Edges
Index,v0,v1,Degree
0,2,3,3
1,1,3,3
2,1,2,3
3,0,3,3
4,0,2,3
5,0,1,3

Interior Vertices
Index,v0,Degree
0,4,8
1,5,8
2,6,8
3,7,8

Boundary Vertices
Index,v0,Degree
0,3,7
1,2,7
2,1,7
3,0,7
