Configuration Name,T60
Generated On,5/28/2026, 12:03:21 PM

Vertex Coordinates
Index,X,Y,Z
0,9,9,9
1,9,-9,-9
2,-9,9,-9
3,-9,-9,9
4,3,3,-3
5,3,-3,3
6,-3,3,3
7,-3,-3,-3
8,-3,0,0
9,0,-3,0
10,0,0,-3
11,0,0,3
12,0,3,0
13,3,0,0
14,1,1,1
15,1,-1,-1
16,-1,1,-1
17,-1,-1,1
18,0,0,0

Summary Statistics
Category,Count
Tetrahedra,60
Total Faces,126
Boundary Faces,12
Interior Faces,114
Total Edges,84
Boundary Edges,18
Interior Edges,66
Total Vertices,19
Boundary Vertices,8
Interior Vertices,11
Shelling a0,1
Shelling a1,15
Shelling a2,33
Shelling a3,11

Tetrahedra
Index,v0,v1,v2,v3,6 x Volume
0,4,13,14,18,18
1,5,13,14,18,18
2,4,12,14,18,18
3,6,12,14,18,18
4,5,11,14,18,18
5,6,11,14,18,18
6,0,4,13,14,144
7,0,5,13,14,144
8,0,4,12,14,144
9,0,6,12,14,144
10,0,5,11,14,144
11,0,6,11,14,144
12,4,13,15,18,18
13,5,13,15,18,18
14,4,10,15,18,18
15,7,10,15,18,18
16,5,9,15,18,18
17,7,9,15,18,18
18,1,4,13,15,144
19,1,5,13,15,144
20,1,4,10,15,144
21,1,7,10,15,144
22,1,5,9,15,144
23,1,7,9,15,144
24,4,12,16,18,18
25,6,12,16,18,18
26,4,10,16,18,18
27,7,10,16,18,18
28,6,8,16,18,18
29,7,8,16,18,18
30,2,4,12,16,144
31,2,6,12,16,144
32,2,4,10,16,144
33,2,7,10,16,144
34,2,6,8,16,144
35,2,7,8,16,144
36,5,11,17,18,18
37,6,11,17,18,18
38,5,9,17,18,18
39,7,9,17,18,18
40,6,8,17,18,18
41,7,8,17,18,18
42,3,5,11,17,144
43,3,6,11,17,144
44,3,5,9,17,144
45,3,7,9,17,144
46,3,6,8,17,144
47,3,7,8,17,144
48,0,1,4,13,648
49,0,1,5,13,648
50,0,2,4,12,648
51,0,2,6,12,648
52,1,2,4,10,648
53,1,2,7,10,648
54,0,3,5,11,648
55,0,3,6,11,648
56,1,3,5,9,648
57,1,3,7,9,648
58,2,3,6,8,648
59,2,3,7,8,648

Interior Faces
Index,v0,v1,v2,Opposite Node 1,Opposite Node 2
0,4,13,14,18,0
1,4,13,18,14,15
2,4,14,18,13,12
3,13,14,18,4,5
4,5,13,14,18,0
5,5,13,18,14,15
6,5,14,18,13,11
7,4,12,14,18,0
8,4,12,18,14,16
9,12,14,18,4,6
10,6,12,14,18,0
11,6,12,18,14,16
12,6,14,18,12,11
13,5,11,14,18,0
14,5,11,18,14,17
15,11,14,18,5,6
16,6,11,14,18,0
17,6,11,18,14,17
18,0,4,13,14,1
19,0,4,14,13,12
20,0,13,14,4,5
21,0,5,13,14,1
22,0,5,14,13,11
23,0,4,12,14,2
24,0,12,14,4,6
25,0,6,12,14,2
26,0,6,14,12,11
27,0,5,11,14,3
28,0,11,14,5,6
29,0,6,11,14,3
30,4,13,15,18,1
31,4,15,18,13,10
32,13,15,18,4,5
33,5,13,15,18,1
34,5,15,18,13,9
35,4,10,15,18,1
36,4,10,18,15,16
37,10,15,18,4,7
38,7,10,15,18,1
39,7,10,18,15,16
40,7,15,18,10,9
41,5,9,15,18,1
42,5,9,18,15,17
43,9,15,18,5,7
44,7,9,15,18,1
45,7,9,18,15,17
46,1,4,13,15,0
47,1,4,15,13,10
48,1,13,15,4,5
49,1,5,13,15,0
50,1,5,15,13,9
51,1,4,10,15,2
52,1,10,15,4,7
53,1,7,10,15,2
54,1,7,15,10,9
55,1,5,9,15,3
56,1,9,15,5,7
57,1,7,9,15,3
58,4,12,16,18,2
59,4,16,18,12,10
60,12,16,18,4,6
61,6,12,16,18,2
62,6,16,18,12,8
63,4,10,16,18,2
64,10,16,18,4,7
65,7,10,16,18,2
66,7,16,18,10,8
67,6,8,16,18,2
68,6,8,18,16,17
69,8,16,18,6,7
70,7,8,16,18,2
71,7,8,18,16,17
72,2,4,12,16,0
73,2,4,16,12,10
74,2,12,16,4,6
75,2,6,12,16,0
76,2,6,16,12,8
77,2,4,10,16,1
78,2,10,16,4,7
79,2,7,10,16,1
80,2,7,16,10,8
81,2,6,8,16,3
82,2,8,16,6,7
83,2,7,8,16,3
84,5,11,17,18,3
85,5,17,18,11,9
86,11,17,18,5,6
87,6,11,17,18,3
88,6,17,18,11,8
89,5,9,17,18,3
90,9,17,18,5,7
91,7,9,17,18,3
92,7,17,18,9,8
93,6,8,17,18,3
94,8,17,18,6,7
95,7,8,17,18,3
96,3,5,11,17,0
97,3,5,17,11,9
98,3,11,17,5,6
99,3,6,11,17,0
100,3,6,17,11,8
101,3,5,9,17,1
102,3,9,17,5,7
103,3,7,9,17,1
104,3,7,17,9,8
105,3,6,8,17,2
106,3,8,17,6,7
107,3,7,8,17,2
108,0,1,13,4,5
109,0,2,12,4,6
110,1,2,10,4,7
111,0,3,11,5,6
112,1,3,9,5,7
113,2,3,8,6,7

Boundary Faces
Index,v0,v1,v2,Opposite Node
0,0,1,4,13
1,0,1,5,13
2,0,2,4,12
3,0,2,6,12
4,1,2,4,10
5,1,2,7,10
6,0,3,5,11
7,0,3,6,11
8,1,3,5,9
9,1,3,7,9
10,2,3,6,8
11,2,3,7,8

Interior Edges
Index,v0,v1,Degree
0,4,13,5
1,4,14,4
2,13,14,4
3,4,18,6
4,13,18,4
5,14,18,6
6,5,13,5
7,5,14,4
8,5,18,6
9,4,12,5
10,12,14,4
11,12,18,4
12,6,12,5
13,6,14,4
14,6,18,6
15,5,11,5
16,11,14,4
17,11,18,4
18,6,11,5
19,0,13,4
20,0,14,6
21,0,12,4
22,0,11,4
23,4,15,4
24,13,15,4
25,15,18,6
26,5,15,4
27,4,10,5
28,10,15,4
29,10,18,4
30,7,10,5
31,7,15,4
32,7,18,6
33,5,9,5
34,9,15,4
35,9,18,4
36,7,9,5
37,1,13,4
38,1,15,6
39,1,10,4
40,1,9,4
41,4,16,4
42,12,16,4
43,16,18,6
44,6,16,4
45,10,16,4
46,7,16,4
47,6,8,5
48,8,16,4
49,8,18,4
50,7,8,5
51,2,12,4
52,2,16,6
53,2,10,4
54,2,8,4
55,5,17,4
56,11,17,4
57,17,18,6
58,6,17,4
59,9,17,4
60,7,17,4
61,8,17,4
62,3,11,4
63,3,17,6
64,3,9,4
65,3,8,4

Boundary Edges
Index,v0,v1,Degree
0,0,4,4
1,0,5,4
2,0,6,4
3,1,4,4
4,1,5,4
5,1,7,4
6,2,4,4
7,2,6,4
8,2,7,4
9,3,5,4
10,3,6,4
11,3,7,4
12,0,1,2
13,0,2,2
14,1,2,2
15,0,3,2
16,1,3,2
17,2,3,2

Interior Vertices
Index,v0,Degree
0,13,10
1,14,12
2,18,24
3,12,10
4,11,10
5,15,12
6,10,10
7,9,10
8,16,12
9,8,10
10,17,12

Boundary Vertices
Index,v0,Degree
0,4,15
1,5,15
2,6,15
3,0,12
4,7,15
5,1,12
6,2,12
7,3,12
