Configuration Name,Tetrahedron
Generated On,5/29/2026, 8:42:16 AM

Vertex Coordinates
Index,X,Y,Z
0,1,1,1
1,1,-1,-1
2,-1,1,-1
3,-1,-1,1

Summary Statistics
Category,Count
Tetrahedra,1
Total Faces,4
Boundary Faces,4
Interior Faces,0
Total Edges,6
Boundary Edges,6
Interior Edges,0
Total Vertices,4
Boundary Vertices,4
Interior Vertices,0
Shelling a0,1
Shelling a1,0
Shelling a2,0
Shelling a3,0

Tetrahedra
Index,v0,v1,v2,v3,6 x Volume
0,0,1,2,3,16

Interior Faces
Index,v0,v1,v2,Opposite Node 1,Opposite Node 2

Boundary Faces
Index,v0,v1,v2,Opposite Node
0,0,1,2,3
1,0,1,3,2
2,0,2,3,1
3,1,2,3,0

Interior Edges
Index,v0,v1,Degree

Boundary Edges
Index,v0,v1,Degree
0,0,1,1
1,0,2,1
2,1,2,1
3,0,3,1
4,1,3,1
5,2,3,1

Interior Vertices
Index,v0,Degree

Boundary Vertices
Index,v0,Degree
0,0,1
1,1,1
2,2,1
3,3,1
